ts,uid,id.orig_h,id.orig_p,id.resp_h,id.resp_p,proto,service,duration,orig_bytes,resp_bytes,conn_state,local_orig,local_resp,missed_bytes,history,orig_pkts,orig_ip_bytes,resp_pkts,resp_ip_bytes,tunnel_parents
1668436254,C5ljMa26WinCrukrKe,5.8.18.45,56140,45.77.119.176,9399,tcp,-,-,-,-,S0,F,T,0,S,1,40,0,0,-
1668436255,CyC2JY1EcDXbKv0vH8,78.128.113.250,53260,45.77.119.176,9095,tcp,-,-,-,-,S0,F,T,0,S,1,40,0,0,-
1668436258,CLuo751xIH6Xl8duOf,121.15.143.46,59778,45.77.119.176,6379,tcp,-,-,-,-,S0,F,T,0,S,1,60,0,0,-
1668436262,CEGKYMM6OaWsygXFc,79.124.62.86,53206,45.77.119.176,3397,tcp,-,-,-,-,S0,F,T,0,S,1,40,0,0,-
1668436263,Coc13C1qvDAUj4pEv1,46.161.27.85,53987,45.77.119.176,48719,tcp,-,-,-,-,S0,F,T,0,S,1,40,0,0,-
1668436263,CQS0QV1E8yPJii4Wif,5.188.87.3,46421,45.77.119.176,12214,tcp,-,-,-,-,S0,F,T,0,S,1,40,0,0,-
1668436264,CF0vB9ommicS7tse7,207.154.220.152,61953,45.77.119.176,8885,tcp,-,-,-,-,S0,F,T,0,S,1,40,0,0,-
1668436273,Ckgzh6wB8vEbdFFz4,91.240.118.224,53607,45.77.119.176,2597,tcp,-,-,-,-,S0,F,T,0,S,1,40,0,0,-
1668436278,CFgkW9EoytmTdeilc,207.102.188.178,2098,45.77.119.176,52869,tcp,-,-,-,-,S0,F,T,0,S,1,44,0,0,-
1668436281,CJIl5F3WH9aLGa7CR9,141.98.10.171,40328,45.77.119.176,21017,tcp,-,-,-,-,S0,F,T,0,S,1,40,0,0,-
1668436284,CRpKD73xHyoWSZj4h,89.248.165.110,42063,45.77.119.176,13158,tcp,-,-,-,-,S0,F,T,0,S,1,40,0,0,-
1668436303,Cki7E23NvmBSQcUWXh,2001:19f0:9002:1a12:5400:4ff:fe35:47d3,51392,2001:67c:1562::26,80,tcp,-,-,-,-,OTH,F,F,0,C,0,0,0,0,-
1668436299,CugWBNMYjtfvSwp4,5.188.206.254,54653,45.77.119.176,28493,tcp,-,-,-,-,S0,F,T,0,S,1,40,0,0,-
1668436303,CIuD7x3LGG6daubZ98,2001:19f0:9002:1a12:5400:4ff:fe35:47d3,51392,2001:67c:1562::26,80,tcp,-,0.37233,0,1591311,SHR,F,F,0,^hCacCcdCcf,0,0,78,1000940,-
1668436304,CsMvxMzEQNkVVH3s,92.63.197.83,46756,45.77.119.176,11336,tcp,-,-,-,-,S0,F,T,0,S,1,40,0,0,-
1668436303,CV42zlY5m4PzutZJj,45.77.119.176,57353,108.61.10.10,53,udp,dns,0.000671,0,129,SHR,T,F,0,Cd,0,0,1,157,-
1668436255,CDC8Yu4aS7coTESxS3,192.241.198.37,58175,45.77.119.176,23,udp,-,-,-,-,S0,F,T,0,D,1,51,0,0,-
1668436312,CcuGgR1g2QVlAFpCof,45.227.253.99,46783,45.77.119.176,25384,tcp,-,-,-,-,S0,F,T,0,S,1,40,0,0,-
1668436314,Cqit5w1y4FUs1JJcN5,5.8.18.85,55314,45.77.119.176,22332,tcp,-,-,-,-,S0,F,T,0,S,1,40,0,0,-
1668436317,CFcTlm3MO4GoLwek7,45.143.200.102,47058,45.77.119.176,12394,tcp,-,-,-,-,S0,F,T,0,S,1,40,0,0,-
1668436318,C410bf2Y1IfSbYj6u3,79.124.62.82,53203,45.77.119.176,3392,tcp,-,-,-,-,S0,F,T,0,S,1,40,0,0,-
1668436327,CuMkzZ2twNEvVrkRK3,178.124.182.135,50144,45.77.119.176,445,tcp,-,-,-,-,S0,F,T,0,S,1,52,0,0,-
1668436330,CBZNOe41noSCWqo8r3,167.94.146.27,4158,45.77.119.176,26423,tcp,-,-,-,-,S0,F,T,0,S,1,44,0,0,-
1668436332,C5zHbc4lt2fE6osbRa,45.227.253.99,46783,45.77.119.176,27864,tcp,-,-,-,-,S0,F,T,0,S,1,40,0,0,-
1668436335,CmRLtv3knAzCofStQ9,174.95.148.163,58075,45.77.119.176,80,tcp,-,3.014236,0,0,S0,F,T,0,S,3,156,0,0,-
1668436335,CNhKuL28FDu2nEcPCh,174.95.148.163,58076,45.77.119.176,80,tcp,-,3.013667,0,0,S0,F,T,0,S,3,156,0,0,-
1668436335,C5YFlS3UgZDVSM129f,174.95.148.163,58080,45.77.119.176,80,tcp,-,3.019947,0,0,S0,F,T,0,S,3,156,0,0,-
1668436342,CXbb4Mf5FCl63L2p3,46.161.27.85,53987,45.77.119.176,29337,tcp,-,-,-,-,S0,F,T,0,S,1,40,0,0,-
1668436342,Ce9bBp3fkOPnmluOS4,174.95.148.163,58075,45.77.119.176,80,tcp,-,-,-,-,S0,F,T,0,S,1,52,0,0,-
1668436342,CeaeUAKDvoNe9M7Y,174.95.148.163,58076,45.77.119.176,80,tcp,-,-,-,-,S0,F,T,0,S,1,52,0,0,-
1668436342,CifVYI2romrI3HTrY,174.95.148.163,58080,45.77.119.176,80,tcp,-,-,-,-,S0,F,T,0,S,1,52,0,0,-
1668436350,CDJ3axeeb2sQprRV7,174.95.148.163,58075,45.77.119.176,80,tcp,-,-,-,-,S0,F,T,0,S,1,52,0,0,-
1668436350,C9UAWl4VnyqrlX49M6,174.95.148.163,58076,45.77.119.176,80,tcp,-,-,-,-,S0,F,T,0,S,1,52,0,0,-
1668436350,CBctM4rs2c0D9U6je,174.95.148.163,58080,45.77.119.176,80,tcp,-,-,-,-,S0,F,T,0,S,1,52,0,0,-
1668436303,CcOtRy32SOjll1Ev77,fe80::fc00:4ff:fe35:47d3,135,ff02::1:ff35:47d3,136,icmp,-,-,-,-,OTH,F,F,0,-,1,72,0,0,-
1668436303,CLmedC1YxalAT5An7f,2001:19f0:9002:1a12:5400:4ff:fe35:47d3,136,fe80::fc00:4ff:fe35:47d3,135,icmp,-,-,-,-,OTH,F,F,0,-,1,72,0,0,-
1668436379,CAPRyy1ObCwdcHJT01,217.144.216.23,47467,45.77.119.176,23,tcp,-,-,-,-,S0,F,T,0,S,1,40,0,0,-
1668436382,ChUuWd3RqfdKY7tCk1,194.26.29.37,53574,45.77.119.176,50010,tcp,-,-,-,-,S0,F,T,0,S,1,40,0,0,-
1668436386,CkxrN412cSDhE1llac,45.227.253.99,46783,45.77.119.176,3207,tcp,-,-,-,-,S0,F,T,0,S,1,40,0,0,-
1668436396,CcJRFo1geqvrjmPP46,167.94.138.150,41324,45.77.119.176,12467,tcp,-,-,-,-,S0,F,T,0,S,1,44,0,0,-
1668436402,CDRxXE3eFxLyx7xF5j,92.63.197.131,44262,45.77.119.176,37096,tcp,-,-,-,-,S0,F,T,0,S,1,40,0,0,-
1668436402,CoIm981Z3wNYI9nPs5,174.95.148.163,58176,45.77.119.176,80,tcp,http,0.322329,1225,0,S0,F,T,0,ScAD,11,1701,0,0,-
1668436402,CNuFu62vstyccRYBpe,174.95.148.163,58177,45.77.119.176,80,tcp,-,0.056225,0,0,S0,F,T,0,ScA,2,92,0,0,-
1668436403,C4wxyJ3e2DqSqXc1wf,79.124.62.78,53209,45.77.119.176,5000,tcp,-,-,-,-,S0,F,T,0,S,1,40,0,0,-
1668436409,CCV0B6mm3LtUIwSC7,185.156.73.150,46283,45.77.119.176,9573,tcp,-,-,-,-,S0,F,T,0,S,1,40,0,0,-
1668436407,C0CPOr1O9X4QZ48Cih,174.95.148.163,58176,45.77.119.176,80,tcp,-,4.627575,0,0,SH,F,T,0,^cAF,2,80,0,0,-
1668436413,CAuV5J1tIwD0wv3UF6,222.132.52.26,56304,45.77.119.176,2376,tcp,-,-,-,-,S0,F,T,0,S,1,40,0,0,-
1668436366,CbCURPuFoEcCiyCcb,192.241.208.66,38502,45.77.119.176,80,udp,-,-,-,-,S0,F,T,0,D,1,51,0,0,-
1668436421,CmCLM34opjFB6fczHf,190.224.73.16,33065,45.77.119.176,22,tcp,-,3.167456,0,0,RSTOS0,F,T,0,ScR,2,84,0,0,-
1668436425,CqDYXl4uDu8s6yt5A4,123.231.178.67,58801,45.77.119.176,445,tcp,-,-,-,-,S0,F,T,0,S,1,52,0,0,-
1668436428,CzB7Ls3ZYYhrX2ycK9,91.191.209.14,54617,45.77.119.176,41170,tcp,-,-,-,-,S0,F,T,0,S,1,40,0,0,-
1668436429,Cjl5bt2oe2s5dxnJ0g,46.161.27.85,53987,45.77.119.176,19622,tcp,-,-,-,-,S0,F,T,0,S,1,40,0,0,-
1668436430,C1aGtW1OQ0cokONKHk,45.95.147.208,42637,45.77.119.176,23367,tcp,-,-,-,-,S0,F,T,0,S,1,40,0,0,-
1668436434,CYxD2x2uWmngKYMfE4,91.240.118.71,53411,45.77.119.176,4079,tcp,-,-,-,-,S0,F,T,0,S,1,40,0,0,-
1668436435,CM1viW4ZX64EkX713,190.224.73.16,55748,45.77.119.176,22,tcp,-,3.590158,1756,0,SH,F,T,0,ScADcF,16,2596,0,0,-
1668436434,CkatqG1WK5PiUdxRkc,190.224.73.16,55744,45.77.119.176,22,tcp,-,3.622206,1692,0,SH,F,T,0,ScADcF,16,2532,0,0,-
1668436442,COE7jA3MdOWAHj4Yn7,5.188.87.3,46421,45.77.119.176,11860,tcp,-,-,-,-,S0,F,T,0,S,1,40,0,0,-
1668436445,CPQps647ms9eNpWDGk,184.105.139.74,40551,45.77.119.176,789,tcp,-,-,-,-,S0,F,T,0,S,1,40,0,0,-
1668436448,C8GXwH32JbaO07R8i2,72.167.42.59,60000,45.77.119.176,10055,tcp,-,-,-,-,S0,F,T,0,S,1,40,0,0,-
1668436449,CVKVhO104hwIj6sEcg,185.156.73.150,46283,45.77.119.176,9389,tcp,-,-,-,-,S0,F,T,0,S,1,40,0,0,-
1668436449,CJvK334mTa3XRRrCqf,24.88.242.126,25040,45.77.119.176,37215,tcp,-,-,-,-,S0,F,T,0,S,1,44,0,0,-
1668436453,CZi7fs2ny8WxBj2Fzb,103.164.3.194,57270,45.77.119.176,3384,tcp,-,3.003576,0,0,S0,F,T,0,S,2,104,0,0,-
1668436458,Cf3ngc3GvVTyjxyEze,103.164.3.194,58121,45.77.119.176,3385,tcp,-,3.004328,0,0,S0,F,T,0,S,2,104,0,0,-
1668436459,CVQJ6O3UalY10BDQOl,185.237.96.28,44104,45.77.119.176,81,tcp,-,-,-,-,S0,F,T,0,S,1,40,0,0,-
1668436463,CiICwasua93hGr4Nl,103.164.3.194,58994,45.77.119.176,3386,tcp,-,2.995325,0,0,S0,F,T,0,S,2,104,0,0,-
1668436465,CxpOyG4vqnvp4iFlYe,46.161.27.85,53987,45.77.119.176,14135,tcp,-,-,-,-,S0,F,T,0,S,1,40,0,0,-
1668436468,CI211NDYHyf78zhLh,103.164.3.194,59821,45.77.119.176,3387,tcp,-,3.003901,0,0,S0,F,T,0,S,2,104,0,0,-
1668436473,C7Xh531Yxp7XSa517d,103.164.3.194,60635,45.77.119.176,3388,tcp,-,3.00053,0,0,S0,F,T,0,S,2,104,0,0,-
1668436474,C3hk3RtBMfhWUlGAe,89.248.163.176,51398,45.77.119.176,55114,tcp,-,-,-,-,S0,F,T,0,S,1,40,0,0,-
1668436480,CLaMuV19FMJJcHbpRl,78.128.113.34,8080,45.77.119.176,58930,tcp,-,-,-,-,S0,F,T,0,S,1,40,0,0,-
1668436488,CnvD3D1eTHK2Tb4rQc,5.188.206.254,56475,45.77.119.176,28494,tcp,-,-,-,-,S0,F,T,0,S,1,40,0,0,-
1668436490,CZBiGX2zGjzkab3pRa,45.227.253.99,46783,45.77.119.176,357,tcp,-,-,-,-,S0,F,T,0,S,1,40,0,0,-
1668436442,C3BmML3qNeQUbSSNy4,45.142.192.10,47691,45.77.119.176,1900,udp,-,-,-,-,S0,F,T,0,D,1,127,0,0,-
1668436497,CbbB5fOn0zSPPmtc,157.245.67.63,42229,45.77.119.176,80,tcp,-,0.119841,0,0,RSTOS0,F,T,0,ScR,2,84,0,0,-
1668436500,CSPUN615zFdOeVOmI2,46.161.27.85,53987,45.77.119.176,64773,tcp,-,-,-,-,S0,F,T,0,S,1,40,0,0,-
1668436500,ChwQOF2KQAb8LeHa95,92.63.197.133,46654,45.77.119.176,10883,tcp,-,-,-,-,S0,F,T,0,S,1,40,0,0,-
1668436505,CfYWLUb2tpUQjXx1d,192.241.199.65,57954,45.77.119.176,587,tcp,-,-,-,-,S0,F,T,0,S,1,40,0,0,-
1668436504,CpPeat4M6nkg2gfDrf,152.89.196.220,63134,45.77.119.176,22,tcp,-,3.051106,1318,0,SH,F,T,0,ScADcF,13,2002,0,0,-
1668436508,CIhiyu3v7fYv1VI3if,45.142.192.11,43330,45.77.119.176,55013,tcp,-,-,-,-,S0,F,T,0,S,1,40,0,0,-
1668436519,C3Wpx81Py7q6ow1wQk,89.248.165.199,48157,45.77.119.176,8155,tcp,-,-,-,-,S0,F,T,0,S,1,40,0,0,-
1668436521,CYX3E819hFfoEjEqD4,120.28.164.25,57365,45.77.119.176,445,tcp,-,-,-,-,S0,F,T,0,S,1,48,0,0,-
1668436523,CJp9mM13UaesfySaF,202.95.12.126,42550,45.77.119.176,30009,tcp,-,-,-,-,S0,F,T,0,S,1,44,0,0,-
1668436528,CsEXSNkRLhcz0Yb9l,185.156.73.54,46850,45.77.119.176,11914,tcp,-,-,-,-,S0,F,T,0,S,1,40,0,0,-
1668436532,C6tux94QUMRJvspV5b,79.124.62.78,53209,45.77.119.176,3399,tcp,-,-,-,-,S0,F,T,0,S,1,40,0,0,-
1668436537,CS7w6b1dh9It1eI02e,167.248.133.144,63930,45.77.119.176,3073,tcp,-,-,-,-,S0,F,T,0,S,1,44,0,0,-
1668436544,CHQEmT3QjveJ4IfsE7,91.191.209.158,45486,45.77.119.176,30627,tcp,-,-,-,-,S0,F,T,0,S,1,40,0,0,-
1668436554,Cnxd8B4zW76y42AVB9,89.248.163.176,51398,45.77.119.176,34862,tcp,-,-,-,-,S0,F,T,0,S,1,40,0,0,-
1668436565,CkrqUP1lpWFOajb9s4,81.8.21.233,58653,45.77.119.176,445,tcp,-,-,-,-,S0,F,T,0,S,1,48,0,0,-
1668436573,CSQh9F4oE1HPzYEvYf,120.48.39.214,49922,45.77.119.176,6379,tcp,-,-,-,-,S0,F,T,0,S,1,60,0,0,-
1668436575,CZaRcR2RXx1czNvPAe,5.188.87.3,46421,45.77.119.176,57822,tcp,-,-,-,-,S0,F,T,0,S,1,40,0,0,-
1668436575,CAXdtA2eY72VK9CV21,46.42.15.244,58087,45.77.119.176,445,tcp,-,-,-,-,S0,F,T,0,S,1,52,0,0,-
1668436593,CAz9uu19jeOJActuN7,62.204.41.93,56211,45.77.119.176,11241,tcp,-,-,-,-,S0,F,T,0,S,1,40,0,0,-
1668436606,CoW8ap1i3zir9ajh98,185.237.13.91,53524,45.77.119.176,5555,tcp,-,-,-,-,S0,F,T,0,S,1,40,0,0,-
1668436607,CKZo5L2jHOEyYGIxRc,176.111.174.98,50554,45.77.119.176,6878,tcp,-,-,-,-,S0,F,T,0,S,1,40,0,0,-
1668436614,CrrYDl45eHqQfT9kIc,177.134.220.23,57693,45.77.119.176,445,tcp,-,-,-,-,S0,F,T,0,S,1,52,0,0,-
1668436624,CcMdd83Kb05norhUF8,5.8.18.35,55475,45.77.119.176,7238,tcp,-,-,-,-,S0,F,T,0,S,1,40,0,0,-
1668436574,C0uTJm1hYR4HYsJfxl,fe80::fc00:4ff:fe35:47d3,134,ff02::1,133,icmp,-,-,-,-,OTH,F,F,0,-,1,128,0,0,-
1668436574,CHyIPc3AIqP9DiB4A1,fe80::5400:4ff:fe35:47d3,143,ff02::16,0,icmp,-,0.016054,40,0,OTH,F,F,0,-,2,152,0,0,-
1668436631,CVsiKe3xqJglfJ7fGh,117.50.108.73,59124,45.77.119.176,6379,tcp,-,-,-,-,S0,F,T,0,S,1,60,0,0,-
1668436632,CU8rz936B4lK8Qrw6,184.105.247.240,60422,45.77.119.176,21,tcp,-,-,-,-,S0,F,T,0,S,1,40,0,0,-
1668436591,Cwtwa91gacSC81voh7,209.159.158.114,5061,45.77.119.176,5060,udp,-,-,-,-,S0,F,T,0,D,1,443,0,0,-
1668436648,Cf2FSO37bBAo6OcSHk,5.188.87.3,46421,45.77.119.176,41271,tcp,-,-,-,-,S0,F,T,0,S,1,40,0,0,-
1668436658,CFfRvv15P1T2S2FQgg,190.34.154.84,57613,45.77.119.176,445,tcp,-,-,-,-,S0,F,T,0,S,1,52,0,0,-
1668436659,CrdK804l1V9QGwKQB2,116.235.236.248,54938,45.77.119.176,445,tcp,-,-,-,-,S0,F,T,0,S,1,52,0,0,-
1668436664,CAYnWjOD00qHCY4d5,185.156.73.153,46358,45.77.119.176,9771,tcp,-,-,-,-,S0,F,T,0,S,1,40,0,0,-
1668436668,CcckV94ePYh9MQl2ia,79.124.62.78,53209,45.77.119.176,10000,tcp,-,-,-,-,S0,F,T,0,S,1,40,0,0,-
1668436672,CUZG1f3is4cAdaVbKd,92.63.197.154,46484,45.77.119.176,10122,tcp,-,-,-,-,S0,F,T,0,S,1,40,0,0,-
1668436679,Cj7ANr25hnbIMmes04,192.241.204.169,33387,45.77.119.176,2096,tcp,-,-,-,-,S0,F,T,0,S,1,40,0,0,-
1668436627,ChzBD13YEIxIHPxTr2,45.77.119.176,44176,108.61.73.243,123,udp,ntp,0.029865,0,48,SHR,T,F,0,Cd,0,0,1,76,-
1668436684,CUQIgW2XDYIDOQnVQc,78.128.113.158,55412,45.77.119.176,49513,tcp,-,-,-,-,S0,F,T,0,S,1,40,0,0,-
1668436686,CovqgdmRjYyI1rb06,92.63.197.154,46484,45.77.119.176,10053,tcp,-,-,-,-,S0,F,T,0,S,1,40,0,0,-
1668436690,C7fKrp3YQAZn5qpxsk,111.39.75.223,2276,45.77.119.176,445,tcp,-,-,-,-,S0,F,T,0,S,1,52,0,0,-
1668436697,CkOAbs1wSiwcpEbq1k,89.248.163.176,51398,45.77.119.176,35060,tcp,-,-,-,-,S0,F,T,0,S,1,40,0,0,-
1668436699,ChaIUE4Qeq8FGVWbDi,45.9.47.42,50883,45.77.119.176,445,tcp,-,-,-,-,S0,F,T,0,S,1,52,0,0,-
1668436709,Cj0dMz2aR6q7KIOFF1,91.191.209.214,55155,45.77.119.176,36305,tcp,-,-,-,-,S0,F,T,0,S,1,40,0,0,-
1668436714,CC2I4v1H19fy8IQUHj,92.63.197.83,46756,45.77.119.176,11219,tcp,-,-,-,-,S0,F,T,0,S,1,40,0,0,-
1668436731,CNd7Zn2VKWD04IwXd8,163.47.36.34,60000,45.77.119.176,332,tcp,-,-,-,-,S0,F,T,0,S,1,40,0,0,-
1668436736,CrUqV82Gkg3JSdyzAh,80.94.92.239,45732,45.77.119.176,85,tcp,-,-,-,-,S0,F,T,0,S,1,40,0,0,-
1668436740,C4gYjL3tkBjZT2iSr4,92.63.197.133,46654,45.77.119.176,10934,tcp,-,-,-,-,S0,F,T,0,S,1,40,0,0,-
1668436745,C5a2Q923wYelCreSad,194.26.29.86,53745,45.77.119.176,9596,tcp,-,-,-,-,S0,F,T,0,S,1,40,0,0,-
1668436433,C2lhH43Zw9okgJRIQd,174.95.148.163,58177,45.77.119.176,80,tcp,-,20.133859,0,0,OTH,F,T,0,^cADT,3,133,0,0,-
1668436758,CMOHPf40AUmioTXHd2,140.240.92.69,2068,45.77.119.176,80,tcp,http,1.786235,18,0,SH,F,T,0,ScADcF,12,734,0,0,-
1668436762,C7Oe5Z2xlqVYPWLvde,68.183.54.115,61953,45.77.119.176,8081,tcp,-,-,-,-,S0,F,T,0,S,1,40,0,0,-
1668436766,CDHbAu1Qt9rqnzzaT9,49.207.13.24,55429,45.77.119.176,445,tcp,-,-,-,-,S0,F,T,0,S,1,44,0,0,-
1668436775,CYio5J1K8dA2MKZlu1,152.228.155.18,60000,45.77.119.176,5557,tcp,-,-,-,-,S0,F,T,0,S,1,40,0,0,-
1668436778,CnDfaE1YDKL78TbvLg,45.143.200.102,47058,45.77.119.176,12160,tcp,-,-,-,-,S0,F,T,0,S,1,40,0,0,-
1668436737,Cma1DX3JmeBXxv74F4,121.5.132.169,11211,45.77.119.176,1434,udp,-,-,-,-,S0,F,T,0,D,1,91,0,0,-
1668436794,ChHgjy3tDCttMe5Nde,31.173.93.141,55836,45.77.119.176,445,tcp,-,-,-,-,S0,F,T,0,S,1,48,0,0,-
1668436795,C13QjO3emGRvDIhTcj,177.185.36.195,45361,45.77.119.176,445,tcp,-,-,-,-,S0,F,T,0,S,1,52,0,0,-
1668436796,C0Awvo2ItniAU1xxRa,45.93.16.71,54467,45.77.119.176,5038,tcp,-,-,-,-,S0,F,T,0,S,1,40,0,0,-
1668436796,CmVXbk0PY886FnYz7,91.191.209.210,55130,45.77.119.176,56967,tcp,-,-,-,-,S0,F,T,0,S,1,40,0,0,-
1668436796,CVDjgrMYOT72xoQqb,78.128.113.250,53260,45.77.119.176,3486,tcp,-,-,-,-,S0,F,T,0,S,1,40,0,0,-
1668436752,CIh5H5UOK34HMmAgb,217.96.41.18,8081,45.77.119.176,30301,udp,-,-,-,-,S0,F,T,0,D,1,119,0,0,-
1668436821,CXdKcf4x0dPDb8Exbd,193.56.146.11,53527,45.77.119.176,4039,tcp,-,-,-,-,S0,F,T,0,S,1,40,0,0,-
1668436823,CakdEEGPgkEGshD3g,87.246.7.70,36554,45.77.119.176,8443,tcp,-,-,-,-,S0,F,T,0,S,1,40,0,0,-
1668436824,C6z8Nk1tqT80ubO2Tj,43.138.67.205,22985,45.77.119.176,8090,tcp,-,-,-,-,S0,F,T,0,S,1,40,0,0,-
1668436827,C087zi1t6PBHInZW2i,185.156.73.57,55105,45.77.119.176,16016,tcp,-,-,-,-,S0,F,T,0,S,1,40,0,0,-
1668436828,CJqW4d2SM8zAO3weJe,194.26.29.37,53574,45.77.119.176,9778,tcp,-,-,-,-,S0,F,T,0,S,1,40,0,0,-
1668436837,CT33Aw30kxwtdtVUz,185.156.73.153,46358,45.77.119.176,9939,tcp,-,-,-,-,S0,F,T,0,S,1,40,0,0,-
1668436838,CpIH6J1hUVmAMjj0E7,89.248.165.52,49693,45.77.119.176,6041,tcp,-,-,-,-,S0,F,T,0,S,1,40,0,0,-
1668436846,CnOcZd2C03LplJUyjk,45.227.253.99,46783,45.77.119.176,15614,tcp,-,-,-,-,S0,F,T,0,S,1,40,0,0,-
1668436849,C8x0UW3QFsIjsCaVy2,193.57.40.49,53305,45.77.119.176,1615,tcp,-,-,-,-,S0,F,T,0,S,1,40,0,0,-
1668436856,Cjw1EK2m3zGQKZFzQd,162.142.125.81,9310,45.77.119.176,11002,tcp,-,-,-,-,S0,F,T,0,S,1,44,0,0,-
1668436863,C5XPMF42Geof48crgg,162.142.125.135,50130,45.77.119.176,3389,tcp,-,-,-,-,S0,F,T,0,S,1,44,0,0,-
1668436868,CfGXzG3YMXFAAv71B8,196.218.114.190,50961,45.77.119.176,445,tcp,-,-,-,-,S0,F,T,0,S,1,52,0,0,-
1668436872,C1SW863s4XIyajVxkd,92.118.39.78,39379,45.77.119.176,80,tcp,-,0.132134,0,0,RSTOS0,F,T,0,ScR,2,80,0,0,-
1668436872,CUzAuh3gfNSIJi8ieb,92.118.39.78,58290,45.77.119.176,80,tcp,http,0.27916,42,0,S0,F,T,0,ScAD,10,570,0,0,-
1668436877,CtH59B2hejCDo0OTP9,92.118.39.78,58290,45.77.119.176,80,tcp,-,0.154647,0,0,SH,F,T,0,^cF,1,52,0,0,-
1668436882,C7uspp3UVjPUhqvRik,5.8.18.85,56678,45.77.119.176,22333,tcp,-,-,-,-,S0,F,T,0,S,1,40,0,0,-
1668436888,Cg4Gpb1d9UXgUIEt8d,45.227.253.99,46783,45.77.119.176,30501,tcp,-,-,-,-,S0,F,T,0,S,1,40,0,0,-
1668436889,Cy2oxL1APvfKeFolHe,89.248.165.110,42063,45.77.119.176,16506,tcp,-,-,-,-,S0,F,T,0,S,1,40,0,0,-
1668436895,C8yliD20UeqzMD6P7a,83.229.86.122,41284,45.77.119.176,5555,tcp,-,-,-,-,S0,F,T,0,S,1,40,0,0,-
1668436897,CaUXbCTfM0oBZrfPb,103.120.51.7,57804,45.77.119.176,445,tcp,-,-,-,-,S0,F,T,0,S,1,52,0,0,-
1668436903,C4u4exXlU41gLLV9d,51.159.130.243,32274,45.77.119.176,52869,tcp,-,-,-,-,S0,F,T,0,S,1,40,0,0,-
1668436903,CZKdDN3rXuZ4M2Uh75,167.94.138.97,52420,45.77.119.176,2053,tcp,-,-,-,-,S0,F,T,0,S,1,44,0,0,-
1668436904,CQpR0e3m5AN9kcrbrd,46.161.27.85,53987,45.77.119.176,51501,tcp,-,-,-,-,S0,F,T,0,S,1,40,0,0,-
1668436905,CSVSz43tCdO6Miz2ck,162.142.125.132,3360,45.77.119.176,888,tcp,-,-,-,-,S0,F,T,0,S,1,44,0,0,-
1668436906,CNb3923fXPo89sAP08,46.161.27.85,53987,45.77.119.176,34186,tcp,-,-,-,-,S0,F,T,0,S,1,40,0,0,-
1668436908,CwM5Qv3I0wUGRbwio8,79.124.62.82,53203,45.77.119.176,4001,tcp,-,-,-,-,S0,F,T,0,S,1,40,0,0,-
1668436911,CGpcv9358WDw9mi9I2,45.227.253.99,46783,45.77.119.176,22487,tcp,-,-,-,-,S0,F,T,0,S,1,40,0,0,-
1668436912,Ce62TF1TJBOmNAUIOd,162.142.125.230,6169,45.77.119.176,3590,tcp,-,-,-,-,S0,F,T,0,S,1,44,0,0,-
1668436858,CMLNQU2ndCLN9Qn8u6,192.241.198.189,52277,45.77.119.176,81,udp,-,-,-,-,S0,F,T,0,D,1,51,0,0,-
1668436916,Cd9T9A2JfpoK2qLiDh,92.63.197.83,46756,45.77.119.176,11363,tcp,-,-,-,-,S0,F,T,0,S,1,40,0,0,-
1668436925,C7dz0H1JRzWYCXniU7,46.161.27.85,53987,45.77.119.176,61114,tcp,-,-,-,-,S0,F,T,0,S,1,40,0,0,-
1668436931,Cghnef1U5vDYgGRF9f,45.142.192.6,50998,45.77.119.176,8088,tcp,-,-,-,-,S0,F,T,0,S,1,40,0,0,-
1668436884,CfqSYe3DBrZ2N4iIk7,fe80::fc00:4ff:fe35:47d3,134,ff02::1,133,icmp,-,-,-,-,OTH,F,F,0,-,1,128,0,0,-
1668436884,CjIFHt46k8Ul4ztYb8,fe80::5400:4ff:fe35:47d3,143,ff02::16,0,icmp,-,0.683985,40,0,OTH,F,F,0,-,2,152,0,0,-
1668436947,CfJ9hG2Rm9aE677zHd,186.205.200.240,65466,45.77.119.176,23,tcp,-,-,-,-,S0,F,T,0,S,1,44,0,0,-
1668436952,CwLhOo3IY5tSmhFS75,62.233.50.217,53672,45.77.119.176,7749,tcp,-,-,-,-,S0,F,T,0,S,1,40,0,0,-
1668436957,CSCzde4xyFMZ1SlKp4,78.85.32.38,4310,45.77.119.176,445,tcp,-,-,-,-,S0,F,T,0,S,1,52,0,0,-
1668436982,CGIRdq0thowif7fA2,20.25.63.85,49845,45.77.119.176,8081,tcp,-,-,-,-,S0,F,T,0,S,1,40,0,0,-
1668436983,C3bAjjc3asGGxJL15,79.167.3.237,55425,45.77.119.176,445,tcp,-,-,-,-,S0,F,T,0,S,1,52,0,0,-
1668436983,ChVaAY3b38E1YHFWf,62.233.50.217,53672,45.77.119.176,8128,tcp,-,-,-,-,S0,F,T,0,S,1,40,0,0,-
1668436995,CEASJe4XaRV1Si7Qw8,78.128.113.38,56129,45.77.119.176,43259,tcp,-,-,-,-,S0,F,T,0,S,1,40,0,0,-
1668436999,CT0Ie34QmsxpNG6WD1,41.229.86.194,46601,45.77.119.176,445,tcp,-,-,-,-,S0,F,T,0,S,1,52,0,0,-
1668436950,CQJNDF4x22zoGQpo7j,62.210.113.25,5140,45.77.119.176,5070,udp,-,-,-,-,S0,F,T,0,D,1,441,0,0,-
1668437008,CfkDWH1UZ1NSGrVQHd,46.161.27.85,53987,45.77.119.176,61197,tcp,-,-,-,-,S0,F,T,0,S,1,40,0,0,-
1668437008,C2tovZ3tNm5Z1EH2,46.161.27.85,53987,45.77.119.176,60795,tcp,-,-,-,-,S0,F,T,0,S,1,40,0,0,-
1668437012,ClHwFCXRVeJR7F1L7,89.248.165.110,42063,45.77.119.176,18672,tcp,-,-,-,-,S0,F,T,0,S,1,40,0,0,-
1668437019,ClMaHD4yCn3xkJghR,89.248.163.176,51398,45.77.119.176,26386,tcp,-,-,-,-,S0,F,T,0,S,1,40,0,0,-
1668437022,CTDfBB424Tm3hk1Vs2,64.225.25.140,61953,45.77.119.176,6568,tcp,-,-,-,-,S0,F,T,0,S,1,40,0,0,-
1668437024,CszzJx4N5gBFYUmJE6,89.248.163.176,51398,45.77.119.176,33189,tcp,-,-,-,-,S0,F,T,0,S,1,40,0,0,-
1668437028,ClK86h2QM7E7xHcX95,185.156.73.57,55105,45.77.119.176,16304,tcp,-,-,-,-,S0,F,T,0,S,1,40,0,0,-
1668437033,CtXvXO1h7THAyv47Ve,176.111.174.88,50473,45.77.119.176,6662,tcp,-,-,-,-,S0,F,T,0,S,1,40,0,0,-
1668437036,CeaxJx4mchkVkRvLQc,5.188.87.3,46421,45.77.119.176,26346,tcp,-,-,-,-,S0,F,T,0,S,1,40,0,0,-
1668437037,CMY26z2xnvQd8rEMla,5.8.18.77,56480,45.77.119.176,16140,tcp,-,-,-,-,S0,F,T,0,S,1,40,0,0,-
1668437043,CfP5CI37k5y50ZPpD9,218.5.2.6,50970,45.77.119.176,6379,tcp,-,-,-,-,S0,F,T,0,S,1,60,0,0,-
1668437043,CrhGIR2QbVT1bXERSh,179.60.147.101,22264,45.77.119.176,22,tcp,-,2.103087,2573,0,S0,F,T,0,ScADc,13,3257,0,0,-
1668437049,C0BgC42TIC5OZYAqA5,179.60.147.101,22264,45.77.119.176,22,tcp,-,0.65968,0,0,OTH,F,T,0,FcR,3,132,0,0,-
1668437050,CV2Txo3gJGvjnPAqgi,222.188.196.238,62265,45.77.119.176,26,tcp,-,-,-,-,S0,F,T,0,S,1,40,0,0,-
1668437050,CyahjaUiNerD7q5Nb,222.188.196.238,62265,45.77.119.176,23,tcp,-,-,-,-,S0,F,T,0,S,1,40,0,0,-
1668437054,CAZTcB3ci8c1rFDK0b,187.72.121.161,37400,45.77.119.176,445,tcp,-,-,-,-,S0,F,T,0,S,1,52,0,0,-
1668437049,C79t5vVlPqx3dk3Yh,179.60.147.101,22294,45.77.119.176,22,tcp,-,4.592362,2573,0,SH,F,T,0,ScADcF,16,3413,0,0,-
1668437055,CK0WLZ2OrNs3EigA9i,179.39.199.235,54765,45.77.119.176,445,tcp,-,-,-,-,S0,F,T,0,S,1,52,0,0,-
1668437058,CcE5q921LAksvyA8F2,89.248.165.110,42063,45.77.119.176,19358,tcp,-,-,-,-,S0,F,T,0,S,1,40,0,0,-
1668436774,Cq78UG2m3qazs8KF6,45.77.119.176,8178,153.31.113.23,443,tcp,-,-,-,-,OTH,T,F,0,^h,0,0,1,44,-
1668437070,C6aJdW2378kSA45Zf2,114.252.41.101,56935,45.77.119.176,40022,tcp,-,-,-,-,S0,F,T,0,S,1,40,0,0,-
1668437071,Chj549pz7GjXZiuTa,80.210.20.114,52243,45.77.119.176,23,tcp,-,-,-,-,S0,F,T,0,S,1,40,0,0,-
1668437076,CaqjRE1MTeZikG3sY1,198.199.94.190,52372,45.77.119.176,8081,tcp,-,-,-,-,S0,F,T,0,S,1,40,0,0,-
1668437081,CaK18t2BUVau0x7xal,5.188.87.3,46421,45.77.119.176,46016,tcp,-,-,-,-,S0,F,T,0,S,1,40,0,0,-
1668437110,CWRVkK3WUFCfkjzZr1,89.248.163.176,51398,45.77.119.176,19122,tcp,-,-,-,-,S0,F,T,0,S,1,40,0,0,-
1668437113,CyMGYd1Hk3agOy7yhj,185.156.73.153,46358,45.77.119.176,9898,tcp,-,-,-,-,S0,F,T,0,S,1,40,0,0,-
1668437119,CJK2b13CWqHq50FID7,162.142.125.241,6257,45.77.119.176,8048,tcp,-,-,-,-,S0,F,T,0,S,1,44,0,0,-
1668437076,CAQoZD4uWsrEt8uq76,192.241.208.226,35487,45.77.119.176,139,udp,-,-,-,-,S0,F,T,0,D,1,52,0,0,-
1668437135,CEe3yu3lcjgUzrBPSf,185.156.73.57,55105,45.77.119.176,18490,tcp,-,-,-,-,S0,F,T,0,S,1,40,0,0,-
1668437139,CSKQXZ1VyADubQvIw6,45.227.253.99,46783,45.77.119.176,13535,tcp,-,-,-,-,S0,F,T,0,S,1,40,0,0,-
1668437147,CxqfKD3VwgrSvmRpQe,193.56.146.12,53483,45.77.119.176,3919,tcp,-,-,-,-,S0,F,T,0,S,1,40,0,0,-
1668437159,C1dFeE2LKYp9gWUVc9,46.161.27.85,53987,45.77.119.176,54855,tcp,-,-,-,-,S0,F,T,0,S,1,40,0,0,-
1668437160,C97ss34qNDcp3yNbOi,45.227.253.99,46783,45.77.119.176,15855,tcp,-,-,-,-,S0,F,T,0,S,1,40,0,0,-
1668437162,CIZO4J1V4im3JXYIfi,185.156.73.54,46850,45.77.119.176,11967,tcp,-,-,-,-,S0,F,T,0,S,1,40,0,0,-
1668437165,CGRyXU2pJp17lChRM2,91.191.209.178,55786,45.77.119.176,50793,tcp,-,-,-,-,S0,F,T,0,S,1,40,0,0,-
1668437172,CLNtU61J7Pd5iTmmtg,89.248.163.176,51398,45.77.119.176,48975,tcp,-,-,-,-,S0,F,T,0,S,1,40,0,0,-
1668437182,CJddUU2zQ9EzygH9H,185.156.73.157,46574,45.77.119.176,10496,tcp,-,-,-,-,S0,F,T,0,S,1,40,0,0,-
1668437183,C4awUG1HmAMSyXQ7Xa,89.22.151.96,50430,45.77.119.176,445,tcp,-,-,-,-,S0,F,T,0,S,1,52,0,0,-
1668437183,Cc24TA14AZjlZ29f,5.8.18.8,55117,45.77.119.176,41541,tcp,-,-,-,-,S0,F,T,0,S,1,40,0,0,-
1668437183,CQw4dOGOkfwFLVpIg,49.89.193.198,36566,45.77.119.176,23,tcp,-,0.996119,0,0,S0,F,T,0,S,2,120,0,0,-
1668437186,CKMxFQ1ETafpv1lyP,5.188.87.3,46421,45.77.119.176,65159,tcp,-,-,-,-,S0,F,T,0,S,1,40,0,0,-
1668437193,CY50WG2ZYLQ6XRaUpk,78.128.112.2,56628,45.77.119.176,39042,tcp,-,-,-,-,S0,F,T,0,S,1,40,0,0,-
1668437200,CmWtZQg1SJY3nEYac,79.124.62.82,53203,45.77.119.176,3389,tcp,-,-,-,-,S0,F,T,0,S,1,40,0,0,-
1668437209,C0iy4d39TKnUEPLLCk,103.147.42.101,58958,45.77.119.176,445,tcp,-,3.000029,0,0,S0,F,T,0,S,2,96,0,0,-
1668437215,CsssqE2uquBkyDSWi2,223.8.28.148,16784,45.77.119.176,23,tcp,-,-,-,-,S0,F,T,0,S,1,40,0,0,-
1668437218,ClrmMw1P2DR2cXKCvj,103.147.42.101,58958,45.77.119.176,445,tcp,-,-,-,-,S0,F,T,0,S,1,48,0,0,-
1668437219,CRR7cB4HyKgSon32C3,176.111.174.97,50536,45.77.119.176,6834,tcp,-,-,-,-,S0,F,T,0,S,1,40,0,0,-
1668437220,CAeeFE4bb0p68yCqml,220.116.109.100,48692,45.77.119.176,81,tcp,-,-,-,-,S0,F,T,0,S,1,40,0,0,-
1668437227,C7tZHE3P5rA3y6kP5c,190.121.4.202,50590,45.77.119.176,445,tcp,-,-,-,-,S0,F,T,0,S,1,52,0,0,-
1668437238,CslNJXUNQLit1y4lb,81.8.21.233,60597,45.77.119.176,445,tcp,-,-,-,-,S0,F,T,0,S,1,48,0,0,-
1668437252,CqLis61KMzlcnOd3H4,89.248.165.110,42063,45.77.119.176,14385,tcp,-,-,-,-,S0,F,T,0,S,1,40,0,0,-
1668437255,C4ZplF4zLlLeChidmk,185.156.73.122,50995,45.77.119.176,6666,tcp,-,-,-,-,S0,F,T,0,S,1,40,0,0,-
1668437256,CTAhcFKyOuZ5hSU3g,45.143.200.102,47058,45.77.119.176,12361,tcp,-,-,-,-,S0,F,T,0,S,1,40,0,0,-
1668437259,CziKFv2G6DdiolfJbk,180.76.144.53,42654,45.77.119.176,6379,tcp,-,-,-,-,S0,F,T,0,S,1,60,0,0,-
1668437262,C2Rzw22EuTSPVzWmO2,1.251.50.105,49857,45.77.119.176,52869,tcp,-,-,-,-,S0,F,T,0,S,1,40,0,0,-
1668437208,CNZ2R2SJNbc8isU52,45.148.10.202,55095,45.77.119.176,123,udp,ntp,-,-,-,S0,F,T,0,D,1,76,0,0,-
1668437268,CeYoLb1ooUi9kAMn3j,92.63.197.83,46756,45.77.119.176,11510,tcp,-,-,-,-,S0,F,T,0,S,1,40,0,0,-
1668437275,CPdrve4hB4pgyFrKY5,192.241.194.139,39187,45.77.119.176,465,tcp,-,-,-,-,S0,F,T,0,S,1,40,0,0,-
1668437280,C56YmG3Hb5Xjhgdjg2,178.220.141.148,49125,45.77.119.176,445,tcp,-,-,-,-,S0,F,T,0,S,1,52,0,0,-
1668437290,C34G4E4rCBMoZYRK13,78.128.113.250,53260,45.77.119.176,8026,tcp,-,-,-,-,S0,F,T,0,S,1,40,0,0,-
1668437293,CSttUBtIix8R1FaGf,89.248.165.110,42063,45.77.119.176,10372,tcp,-,-,-,-,S0,F,T,0,S,1,40,0,0,-
1668437297,Cv6wsz3bKrjEEcxjl3,89.248.165.110,42063,45.77.119.176,13251,tcp,-,-,-,-,S0,F,T,0,S,1,40,0,0,-
1668437299,C4j8152It3dPQzBcNg,185.156.73.57,55105,45.77.119.176,22142,tcp,-,-,-,-,S0,F,T,0,S,1,40,0,0,-
1668437317,CAEedg10b4Afuo8O07,184.105.247.238,35058,45.77.119.176,502,tcp,-,-,-,-,S0,F,T,0,S,1,40,0,0,-
1668437323,CslrzO1xT4e7yUYTPe,5.188.206.102,56251,45.77.119.176,52184,tcp,-,-,-,-,S0,F,T,0,S,1,40,0,0,-
1668437323,CI3b3VMWzyd0iTpFb,202.21.120.149,24945,45.77.119.176,445,tcp,-,-,-,-,S0,F,T,0,S,1,52,0,0,-
1668437336,CMa0iQ3QCDUZWhAbM5,194.55.186.126,55848,45.77.119.176,80,tcp,-,0.102636,0,0,RSTOS0,F,T,0,ScR,2,80,0,0,-
1668437338,CtDKxl4EBGOMcMK1Hh,91.191.209.214,57031,45.77.119.176,59879,tcp,-,-,-,-,S0,F,T,0,S,1,40,0,0,-
1668437344,CkK2vE37LspMPhDvu,202.151.41.2,55069,45.77.119.176,445,tcp,-,-,-,-,S0,F,T,0,S,1,52,0,0,-
1668437344,C6d5jw3NRl6I04Oh68,5.188.206.38,55889,45.77.119.176,8960,tcp,-,-,-,-,S0,F,T,0,S,1,40,0,0,-
1668437350,Cfx3ftH6SLv51P745,193.169.5.190,51475,45.77.119.176,445,tcp,-,-,-,-,S0,F,T,0,S,1,52,0,0,-
1668437359,C5xP3lHtvxB8WlUM2,185.156.73.157,46574,45.77.119.176,10676,tcp,-,-,-,-,S0,F,T,0,S,1,40,0,0,-
1668437363,CVbHiP1zLYy2HWQRii,192.241.210.12,60222,45.77.119.176,26,tcp,-,-,-,-,S0,F,T,0,S,1,40,0,0,-
1668437364,C8IoYk2nChluZCuBB7,88.214.24.246,53138,45.77.119.176,443,tcp,-,3.05238,0,0,S0,F,T,0,S,2,104,0,0,-
1668437368,CF0tFB4EzYEHJEe073,185.156.73.57,55105,45.77.119.176,13735,tcp,-,-,-,-,S0,F,T,0,S,1,40,0,0,-
1668437373,CnCHOElinyith8Tv8,88.214.24.246,53138,45.77.119.176,443,tcp,-,-,-,-,S0,F,T,0,S,1,48,0,0,-
1668437386,CSqNlv2zQgxwJ81U1,167.94.138.146,1441,45.77.119.176,21232,tcp,-,-,-,-,S0,F,T,0,S,1,44,0,0,-
1668437395,C7i6sz4qGyEHYMQrug,5.8.18.35,56962,45.77.119.176,7239,tcp,-,-,-,-,S0,F,T,0,S,1,40,0,0,-
1668437400,C4EuSB2Ty8Zuupojj6,45.142.192.5,44169,45.77.119.176,52088,tcp,-,-,-,-,S0,F,T,0,S,1,40,0,0,-
1668437405,CefMIG2bR5ZWfMmItl,34.84.199.33,50223,45.77.119.176,990,tcp,-,-,-,-,S0,F,T,0,S,1,40,0,0,-
1668437406,C9BLps3ZSpFYRsxfab,20.25.63.85,49845,45.77.119.176,30520,tcp,-,-,-,-,S0,F,T,0,S,1,40,0,0,-
1668437409,ClBX174RZVTtskhZNj,176.111.174.98,50554,45.77.119.176,6893,tcp,-,-,-,-,S0,F,T,0,S,1,40,0,0,-
1668437413,Cx1Tow23I0t5Q64rDl,176.111.174.87,50458,45.77.119.176,6591,tcp,-,-,-,-,S0,F,T,0,S,1,40,0,0,-
1668437417,C5UatI3mdghWL6Vpv2,185.224.128.201,32768,45.77.119.176,41080,tcp,-,-,-,-,S0,F,T,0,S,1,44,0,0,-
1668437418,C2zDWjJuoA6bN8Axa,139.59.69.141,54935,45.77.119.176,64037,tcp,-,-,-,-,S0,F,T,0,S,1,40,0,0,-
1668437431,CQgFqw1MnCS4FWgjkf,189.43.106.74,53127,45.77.119.176,445,tcp,-,-,-,-,S0,F,T,0,S,1,52,0,0,-
1668437434,CIjPTC181hEWuxnWd2,185.156.73.122,50995,45.77.119.176,10004,tcp,-,-,-,-,S0,F,T,0,S,1,40,0,0,-
1668437440,CGLE3G3Yzj9mjbltli,161.35.37.28,55935,45.77.119.176,20011,tcp,-,-,-,-,S0,F,T,0,S,1,40,0,0,-
1668437454,CnWkyb20YI6QPPSrv3,89.248.165.110,42063,45.77.119.176,17543,tcp,-,-,-,-,S0,F,T,0,S,1,40,0,0,-
1668437461,CGG4PMaosWPBD1xXh,92.63.197.154,46484,45.77.119.176,10022,tcp,-,-,-,-,S0,F,T,0,S,1,40,0,0,-
1668437464,Covz4x2aDxaRpKPkRc,176.111.174.109,50619,45.77.119.176,6935,tcp,-,-,-,-,S0,F,T,0,S,1,40,0,0,-
1668437465,CRW9521DPY0syRH0Mb,58.137.148.186,57988,45.77.119.176,445,tcp,-,-,-,-,S0,F,T,0,S,1,52,0,0,-
1668437466,CLjtzXMrolKFt7y7l,185.156.73.122,50995,45.77.119.176,4444,tcp,-,-,-,-,S0,F,T,0,S,1,40,0,0,-
1668437473,C1ND8v3K98uFdRH0x,5.156.190.176,1121,45.77.119.176,445,tcp,-,-,-,-,S0,F,T,0,S,1,52,0,0,-
1668437477,Cb2lUehgZ8Vp0jpxk,89.248.165.110,42063,45.77.119.176,19622,tcp,-,-,-,-,S0,F,T,0,S,1,40,0,0,-
1668437428,CZDWNR2tR4ohHD3d79,fe80::fc00:4ff:fe35:47d3,134,ff02::1,133,icmp,-,-,-,-,OTH,F,F,0,-,1,128,0,0,-
1668437483,Cb4Qph4bJTsgYQZOw2,185.156.73.150,46283,45.77.119.176,9339,tcp,-,-,-,-,S0,F,T,0,S,1,40,0,0,-
1668437428,CRc5TF4UhI5AOvUL1e,fe80::5400:4ff:fe35:47d3,143,ff02::16,0,icmp,-,0.644003,40,0,OTH,F,F,0,-,2,152,0,0,-
1668437431,Cjm3jz2jAcpw7Ntxh4,208.73.203.122,5127,45.77.119.176,5060,udp,-,-,-,-,S0,F,T,0,D,1,439,0,0,-
1668437493,CBzi2yavn5Vuio6V,106.75.184.46,58914,45.77.119.176,1194,tcp,-,-,-,-,S0,F,T,0,S,1,44,0,0,-
1668437505,CMukOq1Bi8lJQYxRn,45.227.253.99,46783,45.77.119.176,3196,tcp,-,-,-,-,S0,F,T,0,S,1,40,0,0,-
1668437507,C3p6KKSZG8nCSq40e,5.188.87.3,46421,45.77.119.176,45249,tcp,-,-,-,-,S0,F,T,0,S,1,40,0,0,-
1668437518,C8XoAZ3qQENWulrwV2,91.191.209.46,57288,45.77.119.176,27106,tcp,-,-,-,-,S0,F,T,0,S,1,40,0,0,-
1668437518,CvVO1c1YfwxPVO5g5e,183.136.225.32,8088,45.77.119.176,443,tcp,-,-,-,-,S0,F,T,0,S,1,44,0,0,-
1668437519,CABNUZtAVNcSMB7wj,222.188.196.238,1024,45.77.119.176,23,tcp,-,-,-,-,S0,F,T,0,S,1,40,0,0,-
1668437467,Ca7VCk2ycVLFMl9pOc,178.33.110.40,16697,45.77.119.176,1900,udp,-,-,-,-,S0,F,T,0,D,1,45,0,0,-
1668437524,CMHEsEoQQBf82eDk6,185.156.73.153,46358,45.77.119.176,9741,tcp,-,-,-,-,S0,F,T,0,S,1,40,0,0,-
1668437527,CYKTd24vjCe5qlKM16,89.248.165.110,42063,45.77.119.176,13985,tcp,-,-,-,-,S0,F,T,0,S,1,40,0,0,-
1668437532,C9bq391qE7SI0xeDyd,78.128.113.250,53260,45.77.119.176,6547,tcp,-,-,-,-,S0,F,T,0,S,1,40,0,0,-
1668437537,CEmbxt1Wr4Q6NTfj05,92.63.197.83,46756,45.77.119.176,11515,tcp,-,-,-,-,S0,F,T,0,S,1,40,0,0,-
1668437537,CY9PZa2ePQyIOphms4,89.248.165.110,42063,45.77.119.176,13022,tcp,-,-,-,-,S0,F,T,0,S,1,40,0,0,-
1668437548,CiZQW841SDsOiwDAKc,89.248.165.110,42063,45.77.119.176,10376,tcp,-,-,-,-,S0,F,T,0,S,1,40,0,0,-
1668437553,C30itOCJ4dULVpcpe,162.62.33.200,46671,45.77.119.176,12305,tcp,-,-,-,-,S0,F,T,0,S,1,52,0,0,-
1668437558,CctMOL20iP4c4EXZA6,78.128.113.6,57271,45.77.119.176,34839,tcp,-,-,-,-,S0,F,T,0,S,1,40,0,0,-
1668437558,C8ZUk62e528uzE5Vak,221.232.174.35,58350,45.77.119.176,23,tcp,-,0.02564,0,0,S0,F,T,0,S,2,80,0,0,-
1668437561,Cmffkh4dZbUFGw8V2b,61.172.236.162,54439,45.77.119.176,445,tcp,-,-,-,-,S0,F,T,0,S,1,52,0,0,-
1668437563,CAM4eb23s0YoFXj9El,78.128.113.66,57380,45.77.119.176,45393,tcp,-,-,-,-,S0,F,T,0,S,1,40,0,0,-
1668437566,CKMRKn4P0IO160vXri,61.172.236.162,54439,45.77.119.176,445,tcp,-,-,-,-,OTH,F,T,0,R,1,40,0,0,-
1668437567,ChLUI94E49cvQv9jo7,192.241.211.140,44223,45.77.119.176,502,tcp,-,-,-,-,S0,F,T,0,S,1,40,0,0,-
1668437573,CFC2ZV2bBuIMZk9VQ1,20.25.63.85,49845,45.77.119.176,10809,tcp,-,-,-,-,S0,F,T,0,S,1,40,0,0,-
1668437518,CqKi304kDqcAsF7ATh,69.10.59.238,5106,45.77.119.176,5060,udp,-,-,-,-,S0,F,T,0,D,1,439,0,0,-
1668437587,C1wqmq4kiDlYECwgG5,78.128.112.94,56354,45.77.119.176,64826,tcp,-,-,-,-,S0,F,T,0,S,1,40,0,0,-
1668437589,C0JzF43uUJTkbVh2N,45.227.253.99,46783,45.77.119.176,31085,tcp,-,-,-,-,S0,F,T,0,S,1,40,0,0,-
1668437590,CSFWYB3wP6G6gV2UJa,89.248.165.110,42063,45.77.119.176,15769,tcp,-,-,-,-,S0,F,T,0,S,1,40,0,0,-
1668437604,CyyPJq37HDGE6MuIBd,91.191.209.122,57496,45.77.119.176,24268,tcp,-,-,-,-,S0,F,T,0,S,1,40,0,0,-
1668437605,CawfMV3WOL98UjRz55,185.81.68.70,56292,45.77.119.176,48708,tcp,-,-,-,-,S0,F,T,0,S,1,40,0,0,-
1668437608,CvuF6smz9a7PyuX06,45.227.253.99,46783,45.77.119.176,42363,tcp,-,-,-,-,S0,F,T,0,S,1,40,0,0,-
1668437614,CIGcdr43MGK3PMMZUd,46.161.27.85,53987,45.77.119.176,50358,tcp,-,-,-,-,S0,F,T,0,S,1,40,0,0,-
1668437619,C6lpoTl18XmpfDtja,5.8.18.58,56840,45.77.119.176,11496,tcp,-,-,-,-,S0,F,T,0,S,1,40,0,0,-
1668437624,CX1vYL1Wj1rUEVf2c6,45.227.253.99,46783,45.77.119.176,22954,tcp,-,-,-,-,S0,F,T,0,S,1,40,0,0,-
1668437625,CzmyyI3YKxsoFh1U95,45.143.200.102,47058,45.77.119.176,12061,tcp,-,-,-,-,S0,F,T,0,S,1,40,0,0,-
1668437625,CYlQlu2y6JykqY2THl,79.124.62.78,53209,45.77.119.176,33389,tcp,-,-,-,-,S0,F,T,0,S,1,40,0,0,-
1668437633,CwLFNTmrjvMz8rQh8,5.8.18.93,55525,45.77.119.176,20172,tcp,-,-,-,-,S0,F,T,0,S,1,40,0,0,-
1668437638,CGWukl27KprvaLWphh,5.188.87.3,46421,45.77.119.176,32960,tcp,-,-,-,-,S0,F,T,0,S,1,40,0,0,-
1668437646,Cwpwf34tdUEWqvPvOh,89.248.165.110,42063,45.77.119.176,19068,tcp,-,-,-,-,S0,F,T,0,S,1,40,0,0,-
1668437648,ClIkNV3Bwy1n52L2fi,5.188.87.3,46421,45.77.119.176,64531,tcp,-,-,-,-,S0,F,T,0,S,1,40,0,0,-
1668437651,Ci8ZiZ2DlliCohhdOh,185.156.73.153,46358,45.77.119.176,9610,tcp,-,-,-,-,S0,F,T,0,S,1,40,0,0,-
1668437652,CwXdi83VIxFqLgsakf,5.188.87.3,46421,45.77.119.176,30307,tcp,-,-,-,-,S0,F,T,0,S,1,40,0,0,-
1668437660,CPjpLc14J0DrLYSK9e,5.8.18.63,56475,45.77.119.176,13767,tcp,-,-,-,-,S0,F,T,0,S,1,40,0,0,-
1668437660,CmnF6X2jzjd1tigg64,92.63.197.133,46654,45.77.119.176,10970,tcp,-,-,-,-,S0,F,T,0,S,1,40,0,0,-
1668437677,CBxPen2N9vubNPdw82,89.248.165.110,42063,45.77.119.176,14093,tcp,-,-,-,-,S0,F,T,0,S,1,40,0,0,-
1668437681,CXWrM1Ty0WfOGShC8,194.26.29.86,53745,45.77.119.176,7238,tcp,-,-,-,-,S0,F,T,0,S,1,40,0,0,-
1668437688,CzLGSk1pejjRabhBQe,20.25.63.85,49845,45.77.119.176,10443,tcp,-,-,-,-,S0,F,T,0,S,1,40,0,0,-
1668437698,CaFAWT1jdrGMWfpPha,185.156.73.150,46283,45.77.119.176,9500,tcp,-,-,-,-,S0,F,T,0,S,1,40,0,0,-
1668437699,CuAnr81NDDoy7WkTB3,106.205.113.123,65277,45.77.119.176,445,tcp,-,-,-,-,S0,F,T,0,S,1,48,0,0,-
1668437702,CYuVOZ1hVC6yh6795l,49.75.215.70,28289,45.77.119.176,52869,tcp,-,-,-,-,S0,F,T,0,S,1,40,0,0,-
1668437702,CkXECw25ltVxIWA4b7,46.47.82.228,58385,45.77.119.176,445,tcp,-,-,-,-,S0,F,T,0,S,1,52,0,0,-
1668437703,Cb3T8y1FEhZfrXIqE,185.224.128.201,32768,45.77.119.176,37780,tcp,-,-,-,-,S0,F,T,0,S,1,44,0,0,-
1668437704,C3YM2lGN6FjJoyRaa,91.240.118.224,53607,45.77.119.176,33980,tcp,-,-,-,-,S0,F,T,0,S,1,40,0,0,-
1668437652,CB8jEJ3KGOpVHCuwk9,45.77.119.176,55967,108.61.73.243,123,udp,ntp,0.030116,0,48,SHR,T,F,0,Cd,0,0,1,76,-
1668437715,Cn3szD3XrXrlhtd60a,185.156.73.157,46574,45.77.119.176,10735,tcp,-,-,-,-,S0,F,T,0,S,1,40,0,0,-
1668437421,CUyWZq1z5HOcb3tc4d,45.77.119.176,56368,195.208.6.1,53,tcp,-,-,-,-,OTH,T,F,0,^h,0,0,1,44,-
1668437720,Cpzx3A44TIgxEzbD3l,95.188.95.214,51259,45.77.119.176,445,tcp,-,-,-,-,S0,F,T,0,S,1,52,0,0,-
1668437723,CJAU1q2tXhcbqatqt8,5.8.18.30,56486,45.77.119.176,4883,tcp,-,-,-,-,S0,F,T,0,S,1,40,0,0,-
1668437726,CZoNbx3df8EnRpbhMa,45.227.253.99,46783,45.77.119.176,25887,tcp,-,-,-,-,S0,F,T,0,S,1,40,0,0,-
1668437730,CeEb771Z3uwBckvOPe,5.8.18.25,56352,45.77.119.176,1698,tcp,-,-,-,-,S0,F,T,0,S,1,40,0,0,-
1668437732,COSikx5aElW7iBcw8,2.60.119.38,61182,45.77.119.176,445,tcp,-,-,-,-,S0,F,T,0,S,1,52,0,0,-
1668437734,ClVhIF3UefLw2AM4H6,176.111.174.86,50436,45.77.119.176,6542,tcp,-,-,-,-,S0,F,T,0,S,1,40,0,0,-
1668437737,CLPpSgmkVKoWuief9,92.63.197.133,46654,45.77.119.176,10980,tcp,-,-,-,-,S0,F,T,0,S,1,40,0,0,-
1668437738,CSbDMH1YO1yMC0WeKl,20.25.63.85,49845,45.77.119.176,30616,tcp,-,-,-,-,S0,F,T,0,S,1,40,0,0,-
1668437738,CcMrSL3a7JOwIhJp5l,91.191.209.14,56445,45.77.119.176,41171,tcp,-,-,-,-,S0,F,T,0,S,1,40,0,0,-
1668437747,C6a0SXhmNkgQFd6sc,190.202.137.11,50724,45.77.119.176,445,tcp,-,-,-,-,S0,F,T,0,S,1,52,0,0,-
1668437749,CU845B2nWFNJUviMal,78.128.112.70,56454,45.77.119.176,32725,tcp,-,-,-,-,S0,F,T,0,S,1,40,0,0,-
1668437751,CZyES73qQrB2earUPh,218.161.40.26,48261,45.77.119.176,23,tcp,-,-,-,-,S0,F,T,0,S,1,40,0,0,-
1668437759,C1nFzV2af1TdMOEpV1,91.240.118.77,53472,45.77.119.176,8383,tcp,-,-,-,-,S0,F,T,0,S,1,40,0,0,-
1668437792,C3r8Tm1aIvYJcQSdg8,65.185.72.94,61525,45.77.119.176,23,tcp,-,-,-,-,S0,F,T,0,S,1,44,0,0,-
1668437793,CY6A4z2vwrlwUEhv6j,124.223.31.40,55858,45.77.119.176,8090,tcp,-,-,-,-,S0,F,T,0,S,1,40,0,0,-
1668437800,CUabLgT0dxmF8cwU4,5.188.206.6,56748,45.77.119.176,47494,tcp,-,-,-,-,S0,F,T,0,S,1,40,0,0,-
1668437800,CP7UKe1sGdo4M6dq8l,152.89.196.123,32288,45.77.119.176,22,tcp,-,4.283895,1318,0,SH,F,T,0,ScADcF,13,2002,0,0,-
1668437809,CiC4uv33Q9twDP0cua,46.161.27.85,53987,45.77.119.176,43830,tcp,-,-,-,-,S0,F,T,0,S,1,40,0,0,-
1668437810,CCT4meSKMV0xnLTUg,192.241.199.73,47346,45.77.119.176,873,tcp,-,-,-,-,S0,F,T,0,S,1,40,0,0,-
1668437817,CzNfvwoWTkL3RqPw1,52.188.6.65,57684,45.77.119.176,3056,tcp,-,-,-,-,S0,F,T,0,S,1,40,0,0,-
1668437826,CVHdITkWq2eh4EXo1,89.248.165.110,42063,45.77.119.176,11209,tcp,-,-,-,-,S0,F,T,0,S,1,40,0,0,-
1668437831,CO550MEIHmMjFJn55,222.187.49.131,60000,45.77.119.176,22445,tcp,-,-,-,-,S0,F,T,0,S,1,40,0,0,-
1668437783,CBHSkc3K7MMA9EcA19,fe80::fc00:4ff:fe35:47d3,134,ff02::1,133,icmp,-,-,-,-,OTH,F,F,0,-,1,128,0,0,-
1668437783,C7kEUR3sGF7hVZ2z4e,fe80::5400:4ff:fe35:47d3,143,ff02::16,0,icmp,-,0.707992,40,0,OTH,F,F,0,-,2,152,0,0,-
1668437840,CAr1cX3aFTvXtgtCOk,185.156.73.153,46358,45.77.119.176,9901,tcp,-,-,-,-,S0,F,T,0,S,1,40,0,0,-
1668437847,CQyvfF30dVfCNedQ56,47.108.130.128,57405,45.77.119.176,8090,tcp,-,-,-,-,S0,F,T,0,S,1,40,0,0,-
1668437855,CIvLk03soHgAX0aywe,218.206.186.216,60000,45.77.119.176,10540,tcp,-,-,-,-,S0,F,T,0,S,1,40,0,0,-
1668437861,C9y1zH3gGMzKvG4sE9,5.188.87.3,46421,45.77.119.176,49412,tcp,-,-,-,-,S0,F,T,0,S,1,40,0,0,-
1668437876,CyRJfd3dHg5INO7Vg7,81.84.165.49,61933,45.77.119.176,445,tcp,-,-,-,-,S0,F,T,0,S,1,52,0,0,-
1668437876,Cqgo9O0xcIB17je67,92.63.197.83,46756,45.77.119.176,11347,tcp,-,-,-,-,S0,F,T,0,S,1,40,0,0,-
1668437878,CRaU7c3n8CDzGil2ih,87.246.7.206,34393,45.77.119.176,443,tcp,-,-,-,-,S0,F,T,0,S,1,40,0,0,-
1668437884,CwZzul3fV8T6C9IBU1,177.207.165.177,51495,45.77.119.176,445,tcp,-,-,-,-,S0,F,T,0,S,1,52,0,0,-
1668437885,CwZitrDLPiMZRCu2b,95.84.184.71,5353,45.77.119.176,5353,udp,-,-,-,-,S0,F,T,0,D,1,38,0,0,-
1668437892,Ck4lMI1vcczRviX172,138.99.216.223,56811,45.77.119.176,40443,tcp,-,-,-,-,S0,F,T,0,S,1,40,0,0,-
1668437894,C28nxi3xfNjAlP3p3g,176.111.174.136,56262,45.77.119.176,49625,tcp,-,-,-,-,S0,F,T,0,S,1,40,0,0,-
1668437894,Cj77PD34zbXHvampid,185.156.73.150,46283,45.77.119.176,9557,tcp,-,-,-,-,S0,F,T,0,S,1,40,0,0,-
1668437908,CSvo503XQGt0iOXqDg,121.41.228.244,56443,45.77.119.176,2376,tcp,-,-,-,-,S0,F,T,0,S,1,40,0,0,-
1668437911,C6AGlg3iphwFvrpcI3,41.78.83.142,16010,45.77.119.176,445,tcp,-,-,-,-,S0,F,T,0,S,1,52,0,0,-
1668437912,CQxLwSJFogeicxRnd,89.248.165.110,42063,45.77.119.176,10217,tcp,-,-,-,-,S0,F,T,0,S,1,40,0,0,-
1668437916,CcS73f4CgcqDSTjQEg,131.221.37.179,34064,45.77.119.176,445,tcp,-,-,-,-,S0,F,T,0,S,1,52,0,0,-
1668437924,CKbtzz3gmnPIdKyY96,185.156.73.57,55105,45.77.119.176,37561,tcp,-,-,-,-,S0,F,T,0,S,1,40,0,0,-
1668437872,CUklhw2t76A9RpWD3,2.57.122.176,45820,45.77.119.176,123,udp,ntp,-,-,-,S0,F,T,0,D,1,76,0,0,-
1668437929,C13uOy2Q4JMYCOD5O2,5.8.18.93,57920,45.77.119.176,20173,tcp,-,-,-,-,S0,F,T,0,S,1,40,0,0,-
1668437929,CyCRsG4x3QpsZTsnnc,89.248.163.200,57095,45.77.119.176,8081,tcp,-,-,-,-,S0,F,T,0,S,1,40,0,0,-
1668437930,CKTgDd4mNXh2PHwrAi,20.25.63.85,49845,45.77.119.176,1337,tcp,-,-,-,-,S0,F,T,0,S,1,40,0,0,-
1668437934,C3vKbD1r6BNcpVbgV3,20.25.63.85,49845,45.77.119.176,8888,tcp,-,-,-,-,S0,F,T,0,S,1,40,0,0,-
1668437936,COjPEr2v8h3ZeV5xHk,201.82.163.219,48806,45.77.119.176,5555,tcp,-,-,-,-,S0,F,T,0,S,1,44,0,0,-
1668437937,CimLegTjPV740Zzb3,159.65.147.244,61953,45.77.119.176,389,tcp,-,-,-,-,S0,F,T,0,S,1,40,0,0,-
1668437939,CsgUbB2HTW5nWB2xFa,185.81.68.98,56307,45.77.119.176,12568,tcp,-,-,-,-,S0,F,T,0,S,1,40,0,0,-
1668437948,CeivRe4O6GixP1INLf,92.63.197.131,44262,45.77.119.176,37254,tcp,-,-,-,-,S0,F,T,0,S,1,40,0,0,-
1668437950,CcKANp2PasH8zeWNWg,5.8.18.25,57905,45.77.119.176,1699,tcp,-,-,-,-,S0,F,T,0,S,1,40,0,0,-
1668437954,CMpvf714pRijNksJLd,212.156.67.50,51503,45.77.119.176,445,tcp,-,-,-,-,S0,F,T,0,S,1,52,0,0,-
1668437958,C61tJR2xfH3k6He9Ob,91.191.209.38,57314,45.77.119.176,62701,tcp,-,-,-,-,S0,F,T,0,S,1,40,0,0,-
1668437965,CkaP0E3lzV4lfqWcuj,138.117.103.3,28964,45.77.119.176,22,tcp,-,0.122681,0,0,RSTOS0,F,T,0,ScR,2,80,0,0,-
1668437965,Clm5rE41dYjSRJQ2ng,138.117.103.3,41469,45.77.119.176,22,tcp,-,2.127743,625,0,S0,F,T,0,ScAD,8,957,0,0,-
1668437966,CeNuxw3j8kvS6CHooi,89.248.165.110,42063,45.77.119.176,13006,tcp,-,-,-,-,S0,F,T,0,S,1,40,0,0,-
1668437970,CRlxka4DetT0WZlC9,191.240.100.7,59973,45.77.119.176,445,tcp,-,-,-,-,S0,F,T,0,S,1,52,0,0,-
1668437984,CRy8J23ehBTZ2EkVii,106.13.12.151,42982,45.77.119.176,6379,tcp,-,-,-,-,S0,F,T,0,S,1,60,0,0,-
1668437985,CxKyhG3XZmH0vwBk1,185.156.73.157,46574,45.77.119.176,10440,tcp,-,-,-,-,S0,F,T,0,S,1,40,0,0,-
1668437994,CGv2RZ1w3mrkElUqa7,185.156.73.150,46283,45.77.119.176,9536,tcp,-,-,-,-,S0,F,T,0,S,1,40,0,0,-
#close,2022-11-14-15-00-00,,,,,,,,,,,,,,,,,,,
